{"version":1,"config":{"env":{},"webpack":null,"eslint":{"ignoreDuringBuilds":false},"typescript":{"ignoreBuildErrors":false,"tsconfigPath":"tsconfig.json"},"distDir":".next","cleanDistDir":true,"assetPrefix":"","configOrigin":"default","useFileSystemPublicRoutes":true,"generateEtags":true,"pageExtensions":["tsx","ts","jsx","js"],"poweredByHeader":true,"compress":true,"analyticsId":"","images":{"deviceSizes":[640,750,828,1080,1200,1920,2048,3840],"imageSizes":[16,32,48,64,96,128,256,384],"path":"/_next/image","loader":"default","loaderFile":"","domains":[],"disableStaticImages":false,"minimumCacheTTL":60,"formats":["image/webp"],"dangerouslyAllowSVG":false,"contentSecurityPolicy":"script-src 'none'; frame-src 'none'; sandbox;","contentDispositionType":"inline","remotePatterns":[],"unoptimized":false},"devIndicators":{"buildActivity":true,"buildActivityPosition":"bottom-right"},"onDemandEntries":{"maxInactiveAge":15000,"pagesBufferLength":2},"amp":{"canonicalBase":""},"basePath":"","sassOptions":{},"trailingSlash":false,"i18n":null,"productionBrowserSourceMaps":false,"optimizeFonts":true,"excludeDefaultMomentLocales":true,"serverRuntimeConfig":{},"publicRuntimeConfig":{},"reactStrictMode":false,"httpAgentOptions":{"keepAlive":true},"outputFileTracing":true,"staticPageGenerationTimeout":60,"swcMinify":true,"experimental":{"clientRouterFilter":false,"clientRouterFilterRedirects":false,"fetchCacheKeyPrefix":"","middlewarePrefetch":"flexible","optimisticClientCache":true,"manualClientBasePath":false,"legacyBrowsers":false,"newNextLinkBehavior":true,"cpus":7,"memoryBasedWorkersCount":false,"sharedPool":true,"isrFlushToDisk":true,"workerThreads":false,"pageEnv":false,"optimizeCss":false,"nextScriptWorkers":false,"scrollRestoration":false,"externalDir":false,"disableOptimizedLoading":false,"gzipSize":true,"swcFileReading":true,"craCompat":false,"esmExternals":true,"appDir":true,"isrMemoryCacheSize":52428800,"fullySpecified":false,"outputFileTracingRoot":"/Users/tarynwou/Dropbox/My Mac (taryns-mbp.lan)/Documents/Projects/Portfolio 2/me/nextjs-blog","swcTraceProfiling":false,"forceSwcTransforms":false,"largePageDataBytes":128000,"adjustFontFallbacks":false,"adjustFontFallbacksWithSizeAdjust":false,"typedRoutes":false,"instrumentationHook":false,"trustHostHeader":false},"configFileName":"next.config.js"},"appDir":"/Users/tarynwou/Dropbox/My Mac (taryns-mbp.lan)/Documents/Projects/Portfolio 2/me/nextjs-blog","relativeAppDir":"","files":[".next/routes-manifest.json",".next/server/pages-manifest.json",".next/build-manifest.json",".next/prerender-manifest.json",".next/server/middleware-manifest.json",".next/server/middleware-build-manifest.js",".next/server/middleware-react-loadable-manifest.js",".next/react-loadable-manifest.json",".next/server/font-manifest.json",".next/BUILD_ID",".next/server/next-font-manifest.js",".next/server/next-font-manifest.json"],"ignore":["node_modules/next/dist/compiled/@ampproject/toolbox-optimizer/**/*"]}